timestamp_utc,DHT_temperature,DHT_Humidity,PIR_Motion_state,temperature,humidity,weather_desc,co2_ppm,meeting
2025-07-17 19:49:57,27.0,41.0,False,19,55,Clear sky,131.88,False
2025-07-17 19:50:02,27.0,42.0,False,19,55,Clear sky,131.88,False
2025-07-17 19:50:12,27.0,42.0,True,19,55,Clear sky,131.88,False
2025-07-17 19:50:21,27.0,42.0,True,19,55,Clear sky,131.88,False
2025-07-17 19:50:26,27.0,42.0,False,19,55,Clear sky,131.88,False
2025-07-17 19:50:32,27.0,42.0,False,19,55,Clear sky,131.88,False
2025-07-17 19:50:52,27.0,42.0,False,19,55,Clear sky,131.88,False
2025-07-17 19:51:01,27.0,42.0,True,19,55,Clear sky,131.88,False
2025-07-17 19:53:36,27.0,46.0,True,19,55,Clear sky,131.88,False
2025-07-17 19:53:41,27.0,46.0,False,19,55,Clear sky,131.88,False
2025-07-17 19:53:46,27.0,46.0,False,19,55,Clear sky,131.88,False
2025-07-17 19:53:52,27.0,95.0,False,19,55,Clear sky,131.88,False
2025-07-17 19:53:57,27.0,95.0,False,19,55,Clear sky,131.88,False
2025-07-17 19:54:03,27.0,75.0,False,19,55,Clear sky,131.88,False
2025-07-17 19:54:12,27.0,61.0,True,19,55,Clear sky,131.88,False
2025-07-17 19:54:21,27.0,55.0,True,19,55,Clear sky,131.88,False
2025-07-17 19:54:26,27.0,50.0,False,19,55,Clear sky,131.88,False
2025-07-17 19:54:36,27.0,47.0,True,19,55,Clear sky,131.88,False
2025-07-17 19:54:41,27.0,47.0,False,19,55,Clear sky,131.88,False
2025-07-17 19:54:51,27.0,46.0,True,19,55,Clear sky,131.88,False
2025-07-17 19:55:00,27.0,46.0,True,19,55,Clear sky,131.88,False
2025-07-17 19:55:05,27.0,46.0,False,19,55,Clear sky,131.88,False
2025-07-17 19:55:11,27.0,46.0,False,19,55,Clear sky,131.88,False
2025-07-17 19:55:20,27.0,46.0,True,19,55,Clear sky,131.88,False
2025-07-17 19:55:25,27.0,46.0,False,19,55,Clear sky,131.88,False
2025-07-17 19:57:18,27.0,46.0,True,19,55,Clear sky,131.88,False
2025-07-17 19:57:24,27.0,46.0,False,19,55,Clear sky,131.88,False
2025-07-17 19:57:29,27.0,46.0,False,19,55,Clear sky,131.88,False
2025-07-17 19:59:02,27.0,47.0,True,19,55,Clear sky,131.88,False
2025-07-17 19:59:12,27.0,47.0,True,19,55,Clear sky,131.88,False
2025-07-17 19:59:21,27.0,95.0,True,19,55,Clear sky,131.88,False
2025-07-17 19:59:26,nan,nan,False,19,55,Clear sky,131.88,False
2025-07-17 19:59:32,27.0,88.0,False,19,55,Clear sky,131.88,False
2025-07-17 19:59:41,nan,nan,True,19,55,Clear sky,131.88,False
2025-07-17 19:59:46,27.0,61.0,False,19,55,Clear sky,131.88,False
2025-07-17 19:59:56,nan,nan,True,19,55,Clear sky,131.88,False
2025-07-17 20:00:05,27.0,54.0,True,19,55,Clear sky,141.48,False
2025-07-17 20:00:10,nan,nan,False,19,55,Clear sky,141.48,False
2025-07-17 20:00:15,27.0,65.0,False,19,55,Clear sky,141.48,False
2025-07-17 20:00:25,nan,nan,True,19,55,Clear sky,141.48,False
2025-07-17 20:00:30,27.0,55.0,False,19,55,Clear sky,141.48,False
2025-07-17 20:00:35,28.0,52.0,False,19,55,Clear sky,141.48,False
2025-07-17 20:00:41,28.0,50.0,False,19,55,Clear sky,141.48,False
2025-07-17 20:00:50,28.0,49.0,True,19,55,Clear sky,141.48,False
2025-07-19 14:20:03,29.0,48.0,False,31,31,Broken clouds,129.26,False
2025-07-19 14:20:52,29.0,48.0,False,31,31,Broken clouds,129.26,False
2025-07-19 14:20:58,29.0,48.0,False,31,31,Broken clouds,129.26,False
2025-07-19 14:21:03,29.0,48.0,False,31,31,Broken clouds,129.26,False
2025-07-19 14:21:08,29.0,48.0,False,31,31,Broken clouds,129.26,False
2025-07-19 14:21:29,29.0,48.0,False,31,31,Broken clouds,129.26,False
2025-07-19 14:22:23,29.0,48.0,False,31,31,Broken clouds,129.26,False
2025-07-19 14:24:46,29.0,48.0,False,31,31,Broken clouds,129.26,False
2025-07-19 14:24:51,29.0,48.0,False,31,31,Broken clouds,129.26,False
2025-07-19 14:26:10,29.0,48.0,False,31,31,Broken clouds,129.26,False
2025-07-19 14:27:19,29.0,48.0,False,31,31,Broken clouds,129.26,False
2025-07-19 14:27:22,29.0,48.0,False,31,31,Broken clouds,129.26,False
2025-07-19 14:27:26,29.0,48.0,False,31,31,Broken clouds,129.26,False
2025-07-19 14:27:35,29.0,48.0,False,31,31,Broken clouds,129.26,False
2025-07-19 14:27:38,29.0,48.0,False,31,31,Broken clouds,129.26,False
2025-07-19 14:27:50,29.0,48.0,False,31,31,Broken clouds,129.26,False
2025-07-19 14:27:55,29.0,48.0,False,31,31,Broken clouds,129.26,False
2025-07-19 14:28:01,29.0,48.0,False,31,31,Broken clouds,129.26,False
2025-07-19 14:28:06,29.0,48.0,False,31,31,Broken clouds,129.26,False
2025-07-19 14:28:11,29.0,48.0,False,31,31,Broken clouds,129.26,False
2025-07-19 14:28:17,29.0,48.0,False,31,31,Broken clouds,129.26,False
2025-07-19 14:28:23,29.0,48.0,False,31,31,Broken clouds,129.26,False
2025-07-19 14:28:27,29.0,48.0,False,31,31,Broken clouds,129.26,False
2025-07-19 14:28:33,29.0,48.0,False,31,31,Broken clouds,129.26,False
2025-07-19 14:28:38,29.0,48.0,False,31,31,Broken clouds,129.26,False
2025-07-19 14:28:44,29.0,48.0,False,31,31,Broken clouds,129.26,False
2025-07-19 14:28:49,29.0,48.0,False,31,31,Broken clouds,129.26,False
2025-07-19 14:28:54,29.0,48.0,False,31,31,Broken clouds,129.26,False
2025-07-19 14:29:00,29.0,48.0,False,31,31,Broken clouds,129.26,False
2025-07-19 14:29:05,29.0,48.0,False,31,31,Broken clouds,129.26,False
2025-07-19 14:29:10,29.0,48.0,False,31,31,Broken clouds,129.26,False
2025-07-19 14:29:28,29.0,48.0,True,31,31,Broken clouds,129.26,False
2025-07-19 14:29:34,29.0,48.0,False,31,31,Broken clouds,129.26,False
2025-07-19 14:29:38,29.0,54.0,False,31,31,Broken clouds,129.26,False
2025-07-19 14:29:44,nan,nan,False,31,31,Broken clouds,129.26,False
2025-07-19 14:29:49,29.0,51.0,False,31,31,Broken clouds,129.26,False
2025-07-19 14:29:54,29.0,50.0,False,31,31,Broken clouds,129.26,False
2025-07-19 14:30:00,29.0,50.0,False,31,31,Broken clouds,129.26,False
2025-07-19 14:30:05,29.0,49.0,False,31,31,Broken clouds,129.26,False
2025-07-19 14:30:10,29.0,49.0,False,31,31,Broken clouds,129.26,False
2025-07-19 14:30:16,29.0,49.0,False,31,31,Broken clouds,129.26,False
2025-07-19 14:30:21,29.0,49.0,False,31,31,Broken clouds,129.26,False
2025-07-19 14:30:26,29.0,49.0,False,31,31,Broken clouds,129.26,False
2025-07-19 14:30:32,29.0,49.0,False,31,31,Broken clouds,129.26,False
2025-07-19 14:30:37,29.0,49.0,False,31,31,Broken clouds,129.26,False
2025-07-19 14:30:42,29.0,49.0,False,31,31,Broken clouds,129.26,False
2025-07-19 14:30:47,29.0,49.0,False,31,31,Broken clouds,129.26,False
2025-07-19 14:30:53,29.0,49.0,False,31,31,Broken clouds,129.26,False
2025-07-19 14:30:58,29.0,49.0,False,31,31,Broken clouds,129.26,False
2025-07-19 14:31:04,29.0,49.0,False,31,31,Broken clouds,129.26,False
2025-07-19 14:31:09,29.0,49.0,False,31,31,Broken clouds,129.26,False
2025-07-19 14:31:27,29.0,49.0,True,,,,129.26,False
2025-07-19 14:31:32,29.0,49.0,False,,,,129.26,False
2025-07-19 14:31:50,29.0,49.0,True,,,,129.26,False
2025-07-19 14:31:55,29.0,49.0,False,,,,129.26,False
2025-07-19 14:32:00,29.0,49.0,False,,,,129.26,False
2025-07-19 14:32:06,29.0,49.0,False,,,,129.26,False
2025-07-19 14:32:11,29.0,49.0,False,,,,129.26,False
2025-07-19 14:32:16,29.0,49.0,False,,,,129.26,False
2025-07-19 14:32:22,29.0,49.0,False,,,,129.26,False
2025-07-19 14:32:28,29.0,49.0,False,,,,129.26,False
2025-07-19 14:32:32,29.0,49.0,False,,,,129.26,False
2025-07-19 14:32:38,29.0,49.0,False,,,,129.26,False
2025-07-19 14:32:43,29.0,49.0,False,,,,129.26,False
2025-07-19 14:32:48,29.0,49.0,False,,,,129.26,False
2025-07-19 14:32:54,29.0,49.0,False,,,,129.26,False
2025-07-19 14:32:59,29.0,49.0,False,,,,129.26,False
2025-07-19 14:33:05,29.0,49.0,False,,,,129.26,False
2025-07-19 14:33:11,29.0,49.0,False,,,,129.26,False
2025-07-19 14:33:15,29.0,49.0,False,,,,129.26,False
2025-07-19 14:33:20,29.0,49.0,False,,,,129.26,False
2025-07-19 14:33:26,29.0,49.0,False,,,,129.26,False
2025-07-19 14:33:31,29.0,49.0,False,,,,129.26,False
2025-07-19 14:33:36,29.0,49.0,False,,,,129.26,False
2025-07-19 14:33:41,29.0,49.0,False,,,,129.26,False
2025-07-19 14:33:47,29.0,49.0,False,,,,129.26,False
2025-07-19 14:33:52,29.0,49.0,False,,,,129.26,False
2025-07-19 14:33:58,29.0,49.0,False,,,,129.26,False
2025-07-19 14:34:03,29.0,49.0,False,,,,129.26,False
2025-07-19 14:34:09,29.0,49.0,False,,,,129.26,False
2025-07-19 14:34:14,29.0,49.0,False,,,,129.26,False
2025-07-19 14:34:19,29.0,49.0,False,,,,129.26,False
2025-07-19 14:34:24,29.0,49.0,False,,,,129.26,False
2025-07-19 14:34:30,29.0,49.0,False,,,,129.26,False
2025-07-19 14:34:35,29.0,49.0,False,,,,129.26,False
2025-07-19 14:34:40,29.0,49.0,False,,,,129.26,False
2025-07-19 14:34:46,29.0,49.0,False,,,,129.26,False
2025-07-19 14:34:51,29.0,49.0,False,,,,129.26,False
2025-07-19 14:34:56,29.0,49.0,False,,,,129.26,False
2025-07-19 14:35:02,29.0,49.0,False,,,,129.26,False
2025-07-19 14:35:07,29.0,49.0,False,,,,129.26,False
2025-07-19 14:35:13,29.0,49.0,False,,,,129.26,False
2025-07-19 14:35:18,29.0,49.0,False,,,,129.26,False
2025-07-19 14:35:23,29.0,49.0,False,,,,129.26,False
2025-07-19 14:35:28,29.0,49.0,False,,,,129.26,False
2025-07-19 14:35:46,29.0,49.0,True,,,,129.26,False
2025-07-19 14:35:52,29.0,49.0,False,,,,129.26,False
2025-07-19 14:35:57,29.0,50.0,False,,,,129.26,False
2025-07-19 14:36:02,29.0,49.0,False,,,,129.26,False
2025-07-19 14:36:08,29.0,49.0,False,,,,129.26,False
2025-07-19 14:36:13,29.0,49.0,False,,,,129.26,False
2025-07-19 14:36:18,29.0,49.0,False,,,,129.26,False
2025-07-19 14:36:23,29.0,49.0,False,,,,129.26,False
2025-07-19 14:36:29,29.0,49.0,False,,,,129.26,False
2025-07-19 14:36:34,29.0,49.0,False,,,,129.26,False
2025-07-19 14:36:40,29.0,49.0,False,,,,129.26,False
2025-07-19 14:36:45,29.0,49.0,False,,,,129.26,False
2025-07-19 14:36:51,29.0,49.0,False,,,,129.26,False
2025-07-19 14:36:55,29.0,49.0,False,,,,129.26,False
2025-07-19 14:37:01,29.0,49.0,False,,,,129.26,False
2025-07-19 14:37:07,29.0,49.0,False,,,,129.26,False
2025-07-19 14:37:11,29.0,49.0,False,,,,129.26,False
2025-07-19 14:37:17,29.0,49.0,False,,,,129.26,False
2025-07-19 14:37:22,29.0,49.0,False,,,,129.26,False
2025-07-19 14:37:27,29.0,49.0,False,,,,129.26,False
2025-07-19 14:37:33,29.0,49.0,False,,,,129.26,False
2025-07-19 14:37:38,29.0,49.0,False,,,,129.26,False
2025-07-19 14:37:44,29.0,49.0,False,,,,129.26,False
2025-07-19 14:37:49,29.0,49.0,False,,,,129.26,False
2025-07-19 14:37:54,29.0,49.0,False,,,,129.26,False
2025-07-19 14:37:59,29.0,49.0,False,,,,129.26,False
2025-07-19 14:38:05,29.0,49.0,False,,,,129.26,False
2025-07-19 14:38:10,29.0,49.0,False,,,,129.26,False
2025-07-19 15:20:55,29.0,49.0,True,,,,124.89,False
2025-07-19 15:22:27,29.0,48.0,False,,,,124.89,False
2025-07-19 15:22:33,29.0,48.0,False,,,,124.89,False
2025-07-19 15:22:38,29.0,48.0,False,,,,124.89,False
2025-07-19 15:22:43,29.0,47.0,False,,,,124.89,False
2025-07-19 15:22:49,29.0,47.0,False,,,,124.89,False
2025-07-19 15:22:54,29.0,47.0,False,,,,124.89,False
2025-07-19 15:23:00,29.0,47.0,False,,,,124.89,False
2025-07-19 15:23:05,29.0,48.0,False,,,,124.89,False
2025-07-19 15:23:11,29.0,48.0,False,,,,124.89,False
2025-07-19 15:23:15,29.0,48.0,False,,,,124.89,False
2025-07-19 15:23:21,29.0,48.0,False,,,,124.89,False
2025-07-19 15:23:26,29.0,48.0,False,,,,124.89,False
2025-07-19 15:23:31,29.0,48.0,False,,,,124.89,False
2025-07-19 15:23:37,29.0,48.0,False,,,,124.89,False
2025-07-19 15:23:42,29.0,48.0,False,,,,124.89,False
2025-07-19 15:23:48,29.0,48.0,False,,,,124.89,False
2025-07-19 15:23:53,29.0,48.0,False,,,,124.89,False
2025-07-19 15:23:58,29.0,48.0,False,,,,124.89,False
2025-07-19 15:24:04,29.0,48.0,False,,,,124.89,False
2025-07-19 15:24:09,29.0,48.0,False,,,,124.89,False
2025-07-19 15:24:14,29.0,48.0,False,,,,124.89,False
2025-07-19 15:24:20,29.0,48.0,False,,,,124.89,False
2025-07-19 15:24:25,29.0,48.0,False,,,,124.89,False
2025-07-19 15:24:30,29.0,48.0,False,,,,124.89,False
2025-07-19 15:24:36,29.0,48.0,False,,,,124.89,False
2025-07-19 15:24:41,29.0,48.0,False,,,,124.89,False
2025-07-19 15:24:46,29.0,48.0,False,,,,124.89,False
2025-07-19 15:24:51,29.0,48.0,False,,,,124.89,False
2025-07-19 15:24:57,29.0,48.0,False,,,,124.89,False
2025-07-19 15:25:02,29.0,48.0,False,,,,124.89,False
2025-07-19 15:25:07,29.0,48.0,False,,,,124.89,False
2025-07-19 15:25:13,29.0,48.0,False,,,,124.89,False
2025-07-19 15:25:19,29.0,48.0,False,,,,124.89,False
2025-07-19 15:25:23,29.0,48.0,False,,,,124.89,False
2025-07-19 15:25:29,29.0,48.0,False,,,,124.89,False
2025-07-19 15:25:34,29.0,48.0,False,,,,124.89,False
2025-07-19 15:25:40,29.0,48.0,False,,,,124.89,False
2025-07-19 15:25:45,29.0,48.0,False,,,,124.89,False
2025-07-19 15:25:50,29.0,48.0,False,,,,124.89,False
2025-07-19 15:25:55,29.0,48.0,False,,,,124.89,False
2025-07-19 15:26:01,29.0,48.0,False,,,,124.89,False
2025-07-19 15:26:06,29.0,48.0,False,,,,124.89,False
2025-07-19 15:26:11,29.0,48.0,False,,,,124.89,False
2025-07-19 15:26:17,29.0,47.0,False,,,,124.89,False
2025-07-19 15:26:22,29.0,47.0,False,,,,124.89,False
2025-07-19 15:26:27,29.0,47.0,False,,,,124.89,False
2025-07-19 15:26:33,29.0,47.0,False,,,,124.89,False
2025-07-19 15:26:38,29.0,48.0,False,,,,124.89,False
2025-07-19 15:26:43,29.0,48.0,False,,,,124.89,False
2025-07-19 15:26:49,29.0,48.0,False,,,,124.89,False
2025-07-19 15:26:54,29.0,48.0,False,,,,124.89,False
2025-07-19 15:26:59,29.0,48.0,False,,,,124.89,False
2025-07-19 15:27:05,29.0,48.0,False,,,,124.89,False
2025-07-19 15:27:10,29.0,48.0,False,,,,124.89,False
2025-07-19 15:27:15,29.0,48.0,False,,,,124.89,False
2025-07-19 15:27:21,29.0,48.0,False,,,,124.89,False
2025-07-19 15:27:26,29.0,48.0,False,,,,124.89,False
2025-07-19 15:27:32,29.0,48.0,False,,,,124.89,False
2025-07-19 15:27:37,29.0,48.0,False,,,,124.89,False
2025-07-19 15:27:42,29.0,48.0,False,,,,124.89,False
2025-07-19 15:27:48,29.0,48.0,False,,,,124.89,False
2025-07-19 15:27:53,29.0,48.0,False,,,,124.89,False
2025-07-19 15:27:58,29.0,48.0,False,,,,124.89,False
2025-07-19 15:28:03,29.0,48.0,False,,,,124.89,False
2025-07-19 15:28:09,29.0,48.0,False,,,,124.89,False
2025-07-19 15:28:14,29.0,48.0,False,,,,124.89,False
2025-07-19 15:28:19,29.0,48.0,False,,,,124.89,False
2025-07-19 15:28:25,29.0,48.0,False,,,,124.89,False
2025-07-19 15:28:30,29.0,48.0,False,,,,124.89,False
2025-07-19 15:28:36,29.0,48.0,False,,,,124.89,False
2025-07-19 15:28:41,29.0,48.0,False,,,,124.89,False
2025-07-19 15:28:46,29.0,48.0,False,,,,124.89,False
2025-07-19 15:28:51,29.0,48.0,False,,,,124.89,False
2025-07-19 15:28:57,29.0,48.0,False,,,,124.89,False
2025-07-19 15:29:02,29.0,48.0,False,,,,124.89,False
2025-07-19 15:29:07,29.0,48.0,False,,,,124.89,False
2025-07-19 15:29:13,29.0,48.0,False,,,,124.89,False
2025-07-19 15:29:18,29.0,48.0,False,,,,124.89,False
2025-07-19 15:29:23,29.0,48.0,False,,,,124.89,False
2025-07-19 15:29:29,29.0,48.0,False,,,,124.89,False
2025-07-19 15:29:34,29.0,48.0,False,,,,124.89,False
2025-07-19 15:29:39,29.0,48.0,False,,,,124.89,False
2025-07-19 15:29:45,29.0,48.0,False,,,,124.89,False
2025-07-19 15:29:50,29.0,48.0,False,,,,124.89,False
2025-07-19 15:29:55,29.0,48.0,False,,,,124.89,False
2025-07-19 15:30:01,29.0,48.0,False,,,,124.89,False
2025-07-19 15:30:06,29.0,48.0,False,,,,124.89,False
2025-07-19 15:30:12,29.0,48.0,False,,,,124.89,False
2025-07-19 15:30:17,29.0,48.0,False,,,,124.89,False
2025-07-19 15:30:22,29.0,48.0,False,,,,124.89,False
2025-07-19 15:30:27,29.0,48.0,False,,,,124.89,False
2025-07-19 15:30:33,29.0,48.0,False,,,,124.89,False
2025-07-19 15:30:38,29.0,48.0,False,,,,124.89,False
2025-07-19 15:30:44,29.0,48.0,False,,,,124.89,False
2025-07-19 15:30:49,29.0,48.0,False,,,,124.89,False
2025-07-19 15:30:54,29.0,48.0,False,,,,124.89,False
2025-07-19 15:31:00,29.0,48.0,False,,,,124.89,False
2025-07-19 15:31:05,29.0,48.0,False,,,,124.89,False
2025-07-19 15:31:10,29.0,48.0,False,,,,124.89,False
2025-07-19 15:31:16,29.0,48.0,False,,,,124.89,False
2025-07-19 15:31:21,29.0,48.0,False,,,,124.89,False
2025-07-19 15:31:27,29.0,48.0,False,,,,124.89,False
2025-07-19 15:31:32,29.0,48.0,False,,,,124.89,False
2025-07-19 15:31:37,29.0,48.0,False,,,,124.89,False
2025-07-19 15:31:42,29.0,48.0,False,,,,124.89,False
2025-07-19 15:31:48,29.0,48.0,False,,,,124.89,False
2025-07-19 15:31:53,29.0,48.0,False,,,,124.89,False
2025-07-19 15:31:58,29.0,48.0,False,,,,124.89,False
2025-07-19 15:37:40,29.0,49.0,False,,,,124.89,False
2025-07-19 15:37:45,29.0,49.0,False,,,,124.89,False
2025-07-19 15:37:51,29.0,49.0,False,,,,124.89,False
2025-07-19 15:38:01,29.0,49.0,False,,,,124.89,False
2025-07-19 15:39:00,29.0,48.0,False,,,,124.89,False
2025-07-19 15:39:05,29.0,48.0,False,,,,124.89,False
2025-07-19 15:39:10,29.0,48.0,False,,,,124.89,False
2025-07-19 15:39:28,29.0,48.0,True,,,,124.89,False
2025-07-19 15:39:34,29.0,81.0,False,,,,124.89,False
2025-07-19 15:39:51,nan,nan,True,,,,124.89,False
2025-07-19 15:39:56,29.0,52.0,False,,,,124.89,False
2025-07-19 15:40:01,nan,nan,False,,,,124.89,False
2025-07-19 15:40:07,29.0,51.0,False,,,,124.89,False
2025-07-19 15:40:12,nan,nan,False,,,,124.89,False
2025-07-19 15:40:17,29.0,51.0,False,,,,124.89,False
2025-07-19 15:40:22,nan,nan,False,,,,124.89,False
2025-07-19 15:40:28,29.0,50.0,False,,,,124.89,False
2025-07-19 15:40:33,29.0,50.0,False,,,,124.89,False
2025-07-19 15:40:38,29.0,50.0,False,,,,124.89,False
2025-07-19 15:40:44,29.0,50.0,False,,,,124.89,False
2025-07-19 15:40:49,29.0,50.0,False,,,,124.89,False
2025-07-19 15:40:55,29.0,50.0,False,,,,124.89,False
2025-07-19 15:41:00,29.0,50.0,False,,,,124.89,False
2025-07-19 15:41:05,29.0,50.0,False,,,,124.89,False
2025-07-19 15:41:10,29.0,50.0,False,,,,124.89,False
2025-07-19 15:41:16,29.0,50.0,False,,,,124.89,False
2025-07-19 15:41:21,29.0,50.0,False,,,,124.89,False
2025-07-19 15:41:27,29.0,50.0,False,,,,124.89,False
2025-07-19 15:41:32,29.0,50.0,False,,,,124.89,False
2025-07-19 15:41:37,29.0,50.0,False,,,,124.89,False
2025-07-19 15:41:43,29.0,50.0,False,,,,124.89,False
2025-07-19 15:41:48,29.0,50.0,False,,,,124.89,False
2025-07-19 15:41:53,29.0,50.0,False,,,,124.89,False
2025-07-19 15:41:59,29.0,50.0,False,,,,124.89,False
2025-07-19 15:42:04,29.0,50.0,False,,,,124.89,False
2025-07-19 15:42:09,29.0,50.0,False,,,,124.89,False
2025-07-19 15:42:16,29.0,50.0,False,,,,124.89,False
2025-07-19 15:42:20,29.0,50.0,False,,,,124.89,False
2025-07-19 15:42:25,29.0,50.0,False,,,,124.89,False
2025-07-19 15:42:31,29.0,50.0,False,,,,124.89,False
2025-07-19 15:42:48,29.0,50.0,True,,,,124.89,False
2025-07-19 15:42:54,29.0,50.0,False,,,,124.89,False
2025-07-19 15:42:59,29.0,50.0,False,,,,124.89,False
2025-07-19 15:43:04,29.0,50.0,False,,,,124.89,False
2025-07-19 15:43:10,29.0,50.0,False,,,,124.89,False
2025-07-19 15:43:15,29.0,50.0,False,,,,124.89,False
2025-07-19 15:43:20,29.0,49.0,False,,,,124.89,False
2025-07-19 15:43:26,29.0,50.0,False,,,,124.89,False
2025-07-19 15:43:31,29.0,50.0,False,,,,124.89,False
2025-07-19 15:43:36,29.0,49.0,False,,,,124.89,False
2025-07-19 15:43:42,29.0,49.0,False,,,,124.89,False
2025-07-19 15:43:47,29.0,50.0,False,,,,124.89,False
2025-07-19 15:43:52,29.0,49.0,False,,,,124.89,False
2025-07-19 15:43:58,29.0,50.0,False,,,,124.89,False
2025-07-19 15:44:03,29.0,50.0,False,,,,124.89,False
2025-07-19 15:44:08,29.0,50.0,False,,,,124.89,False
2025-07-19 15:44:14,29.0,50.0,False,,,,124.89,False
2025-07-19 15:44:40,29.0,50.0,False,,,,124.89,False
2025-07-19 15:44:45,29.0,50.0,False,,,,124.89,False
2025-07-19 15:44:51,29.0,49.0,False,,,,124.89,False
2025-07-19 15:44:56,29.0,50.0,False,,,,124.89,False
2025-07-19 15:45:02,29.0,50.0,False,,,,124.89,False
2025-07-19 15:45:07,29.0,50.0,False,,,,124.89,False
2025-07-19 15:45:12,29.0,50.0,False,,,,124.89,False
2025-07-19 15:45:17,29.0,50.0,False,,,,124.89,False
2025-07-19 15:45:23,29.0,50.0,False,,,,124.89,False
2025-07-19 15:45:28,29.0,50.0,False,,,,124.89,False
2025-07-19 15:45:34,29.0,50.0,False,,,,124.89,False
2025-07-19 15:45:39,29.0,50.0,False,,,,124.89,False
2025-07-19 15:45:44,29.0,50.0,False,,,,124.89,False
2025-07-19 15:45:50,29.0,50.0,False,,,,124.89,False
2025-07-19 15:45:55,29.0,50.0,False,,,,124.89,False
2025-07-19 15:46:01,29.0,50.0,False,,,,124.89,False
2025-07-19 15:46:06,29.0,50.0,False,,,,124.89,False
2025-07-19 15:46:11,29.0,50.0,False,,,,124.89,False
2025-07-19 15:46:16,29.0,50.0,False,,,,124.89,False
2025-07-19 15:47:27,29.0,50.0,False,,,,124.89,False
2025-07-19 15:47:33,29.0,50.0,False,,,,124.89,False
2025-07-19 15:47:38,29.0,50.0,False,,,,124.89,False
2025-07-19 15:47:43,29.0,50.0,False,,,,124.89,False
2025-07-19 15:47:49,29.0,50.0,False,,,,124.89,False
2025-07-19 15:47:54,29.0,50.0,False,,,,124.89,False
2025-07-19 15:47:59,29.0,50.0,False,,,,124.89,False
2025-07-19 15:48:04,29.0,50.0,False,,,,124.89,False
2025-07-19 15:48:10,29.0,50.0,False,,,,124.89,False
2025-07-19 15:48:15,29.0,50.0,False,,,,124.89,False
2025-07-19 15:48:20,29.0,50.0,False,,,,124.89,False
2025-07-19 15:48:26,29.0,49.0,False,,,,124.89,False
2025-07-19 15:48:31,29.0,49.0,False,,,,124.89,False
2025-07-19 15:48:37,29.0,49.0,False,,,,124.89,False
2025-07-19 15:48:42,29.0,49.0,False,,,,124.89,False
2025-07-19 15:48:47,29.0,50.0,False,,,,124.89,False
2025-07-19 15:48:52,29.0,50.0,False,,,,124.89,False
2025-07-19 15:48:58,29.0,50.0,False,,,,124.89,False
2025-07-19 15:49:03,29.0,49.0,False,,,,124.89,False
2025-07-19 15:49:08,29.0,50.0,False,,,,124.89,False
2025-07-19 15:49:14,29.0,50.0,False,,,,124.89,False
2025-07-19 15:49:19,29.0,50.0,False,,,,124.89,False
2025-07-19 15:49:24,29.0,50.0,False,,,,124.89,False
2025-07-19 15:49:30,29.0,50.0,False,,,,124.89,False
2025-07-19 15:51:08,29.0,49.0,False,,,,124.89,False
2025-07-19 15:51:13,29.0,49.0,False,,,,124.89,False
2025-07-19 15:51:18,29.0,49.0,False,,,,124.89,False
2025-07-19 15:51:23,29.0,49.0,False,,,,124.89,False
2025-07-19 15:58:11,29.0,50.0,False,,,,124.89,False
2025-07-19 15:58:16,29.0,50.0,False,,,,124.89,False
2025-07-19 15:58:21,29.0,50.0,False,,,,124.89,False
2025-07-19 16:05:21,29.0,50.0,False,,,,124.02,True
2025-07-19 16:12:04,29.0,48.0,False,,,,124.02,True
2025-07-19 16:15:55,29.0,49.0,True,,,,124.02,True
2025-07-19 16:16:00,29.0,49.0,False,,,,124.02,True
2025-07-19 16:16:06,29.0,49.0,False,,,,124.02,True
2025-07-19 16:16:11,29.0,49.0,False,,,,124.02,True
2025-07-19 16:16:16,29.0,49.0,False,,,,124.02,True
2025-07-19 16:16:22,29.0,49.0,False,,,,124.02,True
2025-07-19 16:16:39,29.0,49.0,True,,,,124.02,True
2025-07-19 16:16:45,29.0,49.0,False,,,,124.02,True
2025-07-19 16:16:50,29.0,49.0,False,,,,124.02,True
2025-07-19 16:16:55,29.0,50.0,False,,,,124.02,True
2025-07-19 16:17:01,29.0,50.0,False,,,,124.02,True
2025-07-19 16:17:06,29.0,50.0,False,,,,124.02,True
2025-07-19 16:17:11,29.0,49.0,False,,,,124.02,True
2025-07-19 16:17:17,29.0,49.0,False,,,,124.02,True
2025-07-19 16:17:22,29.0,49.0,False,,,,124.02,True
2025-07-19 16:17:27,29.0,49.0,False,,,,124.02,True
2025-07-19 16:17:33,29.0,49.0,False,,,,124.02,True
2025-07-19 16:17:38,29.0,49.0,False,,,,124.02,True
2025-07-19 16:17:44,29.0,49.0,False,,,,124.02,True
2025-07-19 16:17:49,29.0,49.0,False,,,,124.02,True
2025-07-19 16:17:54,29.0,49.0,False,,,,124.02,True
2025-07-19 16:17:59,29.0,49.0,False,,,,124.02,True
2025-07-19 16:18:05,29.0,49.0,False,,,,124.02,True
2025-07-19 16:18:10,29.0,49.0,False,,,,124.02,True
2025-07-19 16:18:15,29.0,49.0,False,,,,124.02,True
2025-07-19 16:18:21,29.0,49.0,False,,,,124.02,True
2025-07-19 16:18:26,29.0,49.0,False,,,,124.02,True
2025-07-19 16:18:32,29.0,49.0,False,,,,124.02,True
2025-07-19 16:18:37,29.0,49.0,False,,,,124.02,True
2025-07-19 16:18:42,29.0,49.0,False,,,,124.02,True
2025-07-19 16:18:47,29.0,49.0,False,,,,124.02,True
2025-07-19 16:18:53,29.0,49.0,False,,,,124.02,True
2025-07-19 16:18:58,29.0,49.0,False,,,,124.02,True
2025-07-19 16:19:03,29.0,49.0,False,,,,124.02,True
2025-07-19 16:19:09,29.0,49.0,False,,,,124.02,True
2025-07-19 16:19:14,29.0,49.0,False,,,,124.02,True
2025-07-19 16:19:19,29.0,49.0,False,,,,124.02,True
2025-07-19 16:19:25,29.0,49.0,False,,,,124.02,True
2025-07-19 16:19:30,29.0,49.0,False,,,,124.02,True
2025-07-19 16:19:36,29.0,49.0,False,,,,124.02,True
2025-07-19 16:19:41,29.0,49.0,False,,,,124.02,True
2025-07-19 16:19:46,29.0,49.0,False,,,,124.02,True
2025-07-19 16:19:52,29.0,49.0,False,,,,124.02,True
2025-07-19 16:19:57,29.0,49.0,False,,,,124.02,True
2025-07-19 16:20:02,29.0,49.0,False,,,,124.02,True
2025-07-19 16:20:07,29.0,49.0,False,,,,124.02,True
2025-07-19 16:20:13,29.0,49.0,False,,,,124.02,True
2025-07-19 16:20:18,29.0,49.0,False,,,,124.02,True
2025-07-19 16:20:23,29.0,49.0,False,,,,124.02,True
2025-07-19 16:20:29,29.0,49.0,False,,,,124.02,True
2025-07-19 16:20:34,29.0,49.0,False,,,,124.02,True
2025-07-19 16:20:40,29.0,48.0,False,,,,124.02,True
2025-07-19 16:20:45,29.0,49.0,False,,,,124.02,True
2025-07-19 16:20:50,29.0,48.0,False,,,,124.02,True
2025-07-19 16:20:55,29.0,48.0,False,,,,124.02,True
2025-07-19 16:21:01,29.0,49.0,False,,,,124.02,True
2025-07-19 16:21:06,29.0,48.0,False,,,,124.02,True
2025-07-19 16:21:11,29.0,49.0,False,,,,124.02,True
2025-07-19 16:21:17,29.0,49.0,False,,,,124.02,True
2025-07-19 16:21:22,29.0,48.0,False,,,,124.02,True
2025-07-19 16:21:27,29.0,49.0,False,,,,124.02,True
2025-07-19 16:21:33,29.0,48.0,False,,,,124.02,True
2025-07-19 16:21:38,29.0,49.0,False,,,,124.02,True
2025-07-19 16:21:44,29.0,48.0,False,,,,124.02,True
2025-07-19 16:21:49,29.0,49.0,False,,,,124.02,True
2025-07-19 16:21:54,29.0,48.0,False,,,,124.02,True
2025-07-19 16:21:59,29.0,48.0,False,,,,124.02,True
2025-07-19 16:22:05,29.0,49.0,False,,,,124.02,True
2025-07-19 16:22:10,29.0,48.0,False,,,,124.02,True
2025-07-19 16:22:15,29.0,48.0,False,,,,124.02,True
2025-07-19 16:22:21,29.0,49.0,False,,,,124.02,True
2025-07-19 16:22:26,29.0,49.0,False,,,,124.02,True
2025-07-19 16:22:31,29.0,49.0,False,,,,124.02,True
2025-07-19 16:22:37,29.0,49.0,False,,,,124.02,True
2025-07-19 16:22:43,29.0,49.0,False,,,,124.02,True
2025-07-19 16:22:47,29.0,49.0,False,,,,124.02,True
2025-07-19 16:22:53,29.0,48.0,False,,,,124.02,True
2025-07-19 16:22:58,29.0,48.0,False,,,,124.02,True
2025-07-19 16:23:03,29.0,48.0,False,,,,124.02,True
2025-07-19 16:23:09,29.0,48.0,False,,,,124.02,True
2025-07-19 16:23:14,29.0,48.0,False,,,,124.02,True
2025-07-19 16:23:20,29.0,48.0,False,,,,124.02,True
2025-07-19 16:23:25,29.0,48.0,False,,,,124.02,True
2025-07-19 16:23:30,29.0,48.0,False,,,,124.02,True
2025-07-19 16:23:35,29.0,48.0,False,,,,124.02,True
2025-07-19 16:23:41,29.0,48.0,False,,,,124.02,True
2025-07-19 16:23:46,29.0,48.0,False,,,,124.02,True
2025-07-19 16:23:51,29.0,48.0,False,,,,124.02,True
2025-07-19 16:23:57,29.0,48.0,False,,,,124.02,True
2025-07-19 16:24:02,29.0,48.0,False,,,,124.02,True
2025-07-19 16:24:07,29.0,48.0,False,,,,124.02,True
2025-07-19 16:24:13,29.0,48.0,False,,,,124.02,True
2025-07-19 16:24:18,29.0,48.0,False,,,,124.02,True
2025-07-19 16:24:24,29.0,48.0,False,,,,124.02,True
2025-07-19 16:24:29,29.0,48.0,False,,,,124.02,True
2025-07-19 16:24:34,29.0,48.0,False,,,,124.02,True
2025-07-19 16:24:39,29.0,48.0,False,,,,124.02,True
2025-07-19 16:24:45,29.0,48.0,False,,,,124.02,True
2025-07-19 16:24:50,29.0,48.0,False,,,,124.02,True
2025-07-19 16:24:56,29.0,48.0,False,,,,124.02,True
2025-07-19 16:25:01,29.0,48.0,False,,,,124.02,True
2025-07-19 16:25:06,29.0,48.0,False,,,,124.02,True
2025-07-19 16:25:11,29.0,48.0,False,,,,124.02,True
2025-07-19 16:25:17,29.0,48.0,False,,,,124.02,True
2025-07-19 16:25:22,29.0,48.0,False,,,,124.02,True
2025-07-19 16:25:28,29.0,48.0,False,,,,124.02,True
2025-07-19 16:25:33,29.0,48.0,False,,,,124.02,True
2025-07-19 16:25:38,29.0,48.0,False,,,,124.02,True
2025-07-19 16:25:43,29.0,48.0,False,,,,124.02,True
2025-07-19 16:25:49,29.0,48.0,False,,,,124.02,True
2025-07-19 16:25:54,29.0,48.0,False,,,,124.02,True
2025-07-19 16:25:59,29.0,48.0,False,,,,124.02,True
2025-07-19 16:26:05,29.0,48.0,False,,,,124.02,True
2025-07-19 16:26:10,29.0,48.0,False,,,,124.02,True
2025-07-19 16:26:15,29.0,48.0,False,,,,124.02,True
2025-07-19 16:26:21,29.0,48.0,False,,,,124.02,True
2025-07-19 16:26:26,29.0,48.0,False,,,,124.02,True
2025-07-19 16:26:31,29.0,48.0,False,,,,124.02,True
2025-07-19 16:26:37,29.0,48.0,False,,,,124.02,True
2025-07-19 16:26:42,29.0,48.0,False,,,,124.02,True
2025-07-19 16:26:47,29.0,48.0,False,,,,124.02,True
2025-07-19 16:26:53,29.0,48.0,False,,,,124.02,True
2025-07-19 16:26:58,29.0,48.0,False,,,,124.02,True
2025-07-19 16:27:03,29.0,48.0,False,,,,124.02,True
2025-07-19 16:27:09,29.0,48.0,False,,,,124.02,True
2025-07-19 16:27:14,29.0,48.0,False,,,,124.02,True
2025-07-19 16:27:19,29.0,48.0,False,,,,124.02,True
2025-07-19 16:27:25,29.0,48.0,False,,,,124.02,True
2025-07-19 16:27:30,29.0,48.0,False,,,,124.02,True
2025-07-19 16:27:35,29.0,48.0,False,,,,124.02,True
2025-07-19 16:27:41,29.0,48.0,False,,,,124.02,True
2025-07-19 16:27:46,29.0,48.0,False,,,,124.02,True
2025-07-19 16:27:51,29.0,48.0,False,,,,124.02,True
2025-07-19 16:27:57,29.0,48.0,False,,,,124.02,True
2025-07-19 16:28:02,29.0,48.0,False,,,,124.02,True
2025-07-19 16:28:07,29.0,48.0,False,,,,124.02,True
2025-07-19 16:28:13,29.0,48.0,False,,,,124.02,True
2025-07-19 16:28:18,29.0,48.0,False,,,,124.02,True
2025-07-19 16:28:23,29.0,48.0,False,,,,124.02,True
2025-07-19 16:28:29,29.0,48.0,False,,,,124.02,True
2025-07-19 16:28:34,29.0,48.0,False,,,,124.02,True
2025-07-19 16:28:39,29.0,48.0,False,,,,124.02,True
2025-07-19 16:28:45,29.0,48.0,False,,,,124.02,True
2025-07-19 16:28:50,29.0,48.0,False,,,,124.02,True
2025-07-19 16:28:55,29.0,48.0,False,,,,124.02,True
2025-07-19 16:29:01,29.0,48.0,False,,,,124.02,True
2025-07-19 16:29:06,29.0,48.0,False,,,,124.02,True
2025-07-19 16:29:11,29.0,48.0,False,,,,124.02,True
2025-07-19 16:29:17,29.0,48.0,False,,,,124.02,True
2025-07-19 16:29:22,29.0,48.0,False,,,,124.02,True
2025-07-19 16:29:27,29.0,48.0,False,,,,124.02,True
2025-07-19 16:29:33,29.0,48.0,False,,,,124.02,True
2025-07-19 16:29:38,29.0,48.0,False,,,,124.02,True
2025-07-19 16:29:43,29.0,48.0,False,,,,124.02,True
2025-07-19 16:29:49,29.0,48.0,False,,,,124.02,True
2025-07-19 16:29:54,29.0,48.0,False,,,,124.02,True
2025-07-19 16:29:59,29.0,48.0,False,,,,124.02,True
2025-07-19 16:30:05,29.0,48.0,False,,,,124.02,True
2025-07-19 16:30:10,29.0,48.0,False,,,,124.02,True
2025-07-19 16:30:15,29.0,48.0,False,,,,124.02,True
2025-07-19 16:30:21,29.0,48.0,False,,,,124.02,True
2025-07-19 16:30:26,29.0,48.0,False,,,,124.02,True
2025-07-19 16:30:31,29.0,48.0,False,,,,124.02,True
2025-07-19 16:30:37,29.0,48.0,False,,,,124.02,True
2025-07-19 16:30:42,29.0,48.0,False,,,,124.02,True
2025-07-19 16:30:47,29.0,48.0,False,,,,124.02,True
2025-07-19 16:30:53,29.0,48.0,False,,,,124.02,True
2025-07-19 16:30:58,29.0,48.0,False,,,,124.02,True
2025-07-19 16:31:03,29.0,48.0,False,,,,124.02,True
2025-07-19 16:31:09,29.0,48.0,False,,,,124.02,True
2025-07-19 16:31:14,29.0,48.0,False,,,,124.02,True
2025-07-19 16:31:19,29.0,48.0,False,,,,124.02,True
2025-07-19 16:31:25,29.0,48.0,False,,,,124.02,True
2025-07-19 16:31:30,29.0,48.0,False,,,,124.02,True
2025-07-19 16:31:35,29.0,48.0,False,,,,124.02,True
2025-07-19 16:31:41,29.0,48.0,False,,,,124.02,True
2025-07-19 16:31:46,29.0,48.0,False,,,,124.02,True
2025-07-19 16:31:51,29.0,48.0,False,,,,124.02,True
2025-07-19 16:31:57,29.0,48.0,False,,,,124.02,True
2025-07-19 16:32:02,29.0,48.0,False,,,,124.02,True
2025-07-19 16:32:07,29.0,48.0,False,,,,124.02,True
2025-07-19 16:32:13,29.0,48.0,False,,,,124.02,True
2025-07-19 16:32:18,29.0,48.0,False,,,,124.02,True
2025-07-19 16:32:23,29.0,48.0,False,,,,124.02,True
2025-07-19 16:32:29,29.0,48.0,False,,,,124.02,True
2025-07-19 16:32:46,29.0,48.0,True,,,,124.02,True
2025-07-19 16:32:52,29.0,48.0,False,,,,124.02,True
2025-07-19 16:32:57,29.0,48.0,False,,,,124.02,True
2025-07-19 16:33:02,29.0,48.0,False,,,,124.02,True
2025-07-19 16:33:08,29.0,48.0,False,,,,124.02,True
2025-07-19 16:33:13,29.0,48.0,False,,,,124.02,True
2025-07-19 16:33:18,29.0,48.0,False,,,,124.02,True
2025-07-19 16:33:24,29.0,48.0,False,,,,124.02,True
2025-07-19 16:33:29,29.0,48.0,False,,,,124.02,True
2025-07-19 16:33:34,29.0,48.0,False,,,,124.02,True
2025-07-19 16:33:40,29.0,48.0,False,,,,124.02,True
2025-07-19 16:33:45,29.0,48.0,False,,,,124.02,True
2025-07-19 16:33:50,29.0,48.0,False,,,,124.02,True
2025-07-19 16:33:56,29.0,48.0,False,,,,124.02,True
2025-07-19 16:34:01,29.0,48.0,False,,,,124.02,True
2025-07-19 16:34:06,29.0,48.0,False,,,,124.02,True
2025-07-19 16:34:12,29.0,48.0,False,,,,124.02,True
2025-07-19 16:34:17,29.0,48.0,False,,,,124.02,True
2025-07-19 16:34:35,29.0,48.0,True,,,,124.02,True
2025-07-19 16:34:40,29.0,48.0,False,,,,124.02,True
2025-07-19 16:34:58,29.0,48.0,True,,,,124.02,True
2025-07-19 16:35:03,29.0,48.0,False,,,,124.02,True
2025-07-19 16:35:08,29.0,48.0,False,,,,124.02,True
2025-07-19 16:35:13,29.0,48.0,False,,,,124.02,True
2025-07-19 16:35:19,29.0,48.0,False,,,,124.02,True
2025-07-19 16:35:24,29.0,48.0,False,,,,124.02,True
2025-07-19 16:35:30,29.0,48.0,False,,,,124.02,True
2025-07-19 16:35:35,29.0,48.0,False,,,,124.02,True
2025-07-19 16:35:40,29.0,48.0,False,,,,124.02,True
2025-07-19 16:35:46,29.0,48.0,False,,,,124.02,True
2025-07-19 16:35:51,29.0,48.0,False,,,,124.02,True
2025-07-19 16:35:56,29.0,48.0,False,,,,124.02,True
2025-07-19 16:36:02,29.0,48.0,False,,,,124.02,True
2025-07-19 16:36:07,29.0,48.0,False,,,,124.02,True
2025-07-19 16:36:12,29.0,48.0,False,,,,124.02,True
2025-07-19 16:36:18,29.0,48.0,False,,,,124.02,True
2025-07-19 16:36:23,29.0,48.0,False,,,,124.02,True
2025-07-19 16:36:28,29.0,48.0,False,,,,124.02,True
2025-07-19 16:36:34,29.0,48.0,False,,,,124.02,True
2025-07-19 16:36:39,29.0,48.0,False,,,,124.02,True
2025-07-19 16:36:44,29.0,48.0,False,,,,124.02,True
2025-07-19 16:36:50,29.0,48.0,False,,,,124.02,True
2025-07-19 16:37:07,29.0,48.0,True,,,,124.02,True
2025-07-19 16:37:13,29.0,48.0,False,,,,124.02,True
2025-07-19 16:37:18,29.0,47.0,False,,,,124.02,True
2025-07-19 16:37:23,29.0,47.0,False,,,,124.02,True
2025-07-19 16:37:29,29.0,47.0,False,,,,124.02,True
2025-07-19 16:37:34,29.0,47.0,False,,,,124.02,True
2025-07-19 16:37:39,29.0,47.0,False,,,,124.02,True
2025-07-19 16:37:45,29.0,47.0,False,,,,124.02,True
2025-07-19 16:37:50,29.0,47.0,False,,,,124.02,True
2025-07-19 16:37:55,29.0,47.0,False,,,,124.02,True
2025-07-19 16:38:13,29.0,47.0,True,,,,124.02,True
2025-07-19 16:38:18,29.0,47.0,False,,,,124.02,True
2025-07-19 16:38:24,29.0,47.0,False,,,,124.02,True
2025-07-19 16:38:29,29.0,47.0,False,,,,124.02,True
2025-07-19 16:38:47,29.0,47.0,True,,,,124.02,True
2025-07-19 16:38:52,29.0,47.0,False,,,,124.02,True
2025-07-19 21:24:09,28.0,50.0,False,,,,104.8,True
2025-07-19 21:27:02,27.0,50.0,True,,,,104.8,True
2025-07-19 21:27:20,27.0,50.0,True,,,,104.8,True
2025-07-19 21:27:25,27.0,50.0,False,,,,104.8,True
2025-07-19 21:27:31,27.0,50.0,False,,,,104.8,True
2025-07-19 21:27:36,27.0,50.0,False,,,,104.8,True
2025-07-19 21:27:42,27.0,50.0,False,,,,104.8,True
2025-07-19 21:27:47,27.0,50.0,False,,,,104.8,True
2025-07-19 21:27:52,27.0,50.0,False,,,,104.8,True
2025-07-19 21:27:57,27.0,50.0,False,,,,104.8,True
2025-07-19 21:28:03,27.0,50.0,False,,,,104.8,True
2025-07-19 21:28:20,27.0,50.0,True,,,,104.8,True
2025-07-19 21:28:25,27.0,50.0,False,,,,104.8,True
2025-07-19 21:28:31,27.0,50.0,False,,,,104.8,True
2025-07-19 21:28:49,27.0,50.0,True,,,,104.8,True
2025-07-19 21:29:06,27.0,50.0,True,,,,104.8,True
2025-07-19 21:29:11,27.0,50.0,False,,,,104.8,True
2025-07-19 21:29:17,27.0,50.0,False,,,,104.8,True
2025-07-20 17:34:52,28.0,58.0,False,27,50,Overcast clouds,104.8,True
2025-07-20 17:34:57,28.0,59.0,False,27,50,Overcast clouds,104.8,True
2025-07-20 17:35:02,28.0,59.0,False,27,50,Overcast clouds,104.8,True
2025-07-20 17:35:08,28.0,59.0,False,27,50,Overcast clouds,104.8,True
2025-07-20 17:35:13,28.0,59.0,False,27,50,Overcast clouds,104.8,True
2025-07-20 17:35:31,28.0,59.0,True,27,50,Overcast clouds,104.8,True
2025-07-20 17:35:36,28.0,59.0,False,27,50,Overcast clouds,104.8,True
2025-07-20 17:35:41,28.0,59.0,False,27,50,Overcast clouds,104.8,True
2025-07-20 17:35:47,28.0,58.0,False,27,50,Overcast clouds,104.8,True
2025-07-20 17:35:52,28.0,58.0,False,27,50,Overcast clouds,104.8,True
2025-07-20 18:11:08,28.0,61.0,False,22,50,Broken clouds,150,True
2025-07-20 18:11:13,28.0,61.0,False,22,50,Broken clouds,150,True
2025-07-20 18:11:19,28.0,61.0,False,22,50,Broken clouds,150,True
2025-07-20 18:11:24,28.0,61.0,False,22,50,Broken clouds,150,True
2025-07-20 18:11:29,28.0,61.0,False,22,50,Broken clouds,150,True
2025-07-20 18:11:34,28.0,61.0,True,22,50,Broken clouds,150,True
2025-07-20 18:11:56,28.0,61.0,False,22,50,Broken clouds,150,True
2025-07-20 18:12:01,28.0,61.0,False,22,50,Broken clouds,150,True
2025-07-20 18:12:06,28.0,61.0,False,22,50,Broken clouds,150,True
2025-07-20 18:12:12,28.0,61.0,True,22,50,Broken clouds,150,True
2025-07-20 18:12:17,28.0,61.0,False,22,50,Broken clouds,150,True
2025-07-20 18:12:23,28.0,61.0,False,22,50,Broken clouds,150,True
2025-07-20 18:12:28,28.0,61.0,False,22,50,Broken clouds,150,True
2025-07-20 18:12:33,28.0,61.0,False,22,50,Broken clouds,150,True
2025-07-20 18:12:38,28.0,61.0,False,22,50,Broken clouds,150,True
2025-07-20 18:12:44,28.0,61.0,False,22,50,Broken clouds,150,True
2025-07-20 18:12:49,28.0,61.0,True,22,50,Broken clouds,150,True
2025-07-20 18:12:54,28.0,61.0,False,22,50,Broken clouds,150,True
2025-07-20 18:13:00,28.0,61.0,False,22,50,Broken clouds,150,True
2025-07-20 18:13:05,28.0,61.0,False,22,50,Broken clouds,150,True
2025-07-20 18:13:10,28.0,61.0,False,22,50,Broken clouds,150,True
2025-07-20 18:13:16,28.0,61.0,True,22,50,Broken clouds,150,True
2025-07-20 18:13:21,28.0,61.0,False,22,50,Broken clouds,150,True
2025-07-20 18:13:27,28.0,61.0,True,22,50,Broken clouds,150,True
2025-07-20 18:13:32,28.0,61.0,True,22,50,Broken clouds,150,True
2025-07-20 18:13:37,28.0,61.0,False,22,50,Broken clouds,150,True
2025-07-20 18:13:42,28.0,61.0,False,22,50,Broken clouds,150,True
2025-07-20 18:13:49,28.0,61.0,False,22,50,Broken clouds,150,True
2025-07-20 18:13:53,28.0,61.0,False,22,50,Broken clouds,150,True
2025-07-20 18:13:58,28.0,61.0,True,22,50,Broken clouds,150,True
2025-07-20 18:14:04,28.0,61.0,False,22,50,Broken clouds,150,True
2025-07-20 18:14:09,28.0,61.0,True,22,50,Broken clouds,150,True
2025-07-20 18:14:14,28.0,61.0,False,22,50,Broken clouds,150,True
2025-07-20 18:14:20,28.0,61.0,False,22,50,Broken clouds,150,True
2025-07-20 18:14:25,28.0,61.0,False,22,50,Broken clouds,150,True
2025-07-20 18:14:30,28.0,61.0,False,22,50,Broken clouds,150,True
2025-07-20 18:14:36,28.0,61.0,False,22,50,Broken clouds,150,True
2025-07-20 18:14:41,28.0,61.0,False,22,50,Broken clouds,150,True
2025-07-20 18:14:46,28.0,61.0,True,22,50,Broken clouds,150,True
2025-07-20 18:14:51,28.0,61.0,False,22,50,Broken clouds,150,True
2025-07-20 18:14:57,28.0,61.0,False,22,50,Broken clouds,150,True
2025-07-20 18:15:03,28.0,61.0,False,22,50,Broken clouds,150,True
2025-07-20 18:15:08,28.0,61.0,False,22,50,Broken clouds,150,True
2025-07-20 18:15:13,28.0,61.0,True,22,50,Broken clouds,150,True
2025-07-20 18:15:18,28.0,60.0,False,22,50,Broken clouds,150,True
2025-07-20 18:15:24,28.0,60.0,False,22,50,Broken clouds,150,True
2025-07-20 18:15:29,28.0,60.0,True,22,50,Broken clouds,150,True
2025-07-20 18:15:34,28.0,60.0,False,22,50,Broken clouds,150,True
2025-07-20 18:15:39,28.0,60.0,False,22,50,Broken clouds,150,True
2025-07-20 18:15:45,28.0,60.0,False,22,50,Broken clouds,150,True
2025-07-20 18:15:50,28.0,60.0,False,22,50,Broken clouds,150,True
2025-07-20 18:15:55,28.0,60.0,True,22,50,Broken clouds,150,True
2025-07-20 18:16:01,28.0,60.0,True,22,50,Broken clouds,150,True
2025-07-20 18:16:06,28.0,60.0,False,22,50,Broken clouds,150,True
2025-07-20 18:16:11,28.0,60.0,False,22,50,Broken clouds,150,True
2025-07-20 18:16:17,28.0,60.0,False,22,50,Broken clouds,150,True
2025-07-20 18:16:23,28.0,60.0,False,22,50,Broken clouds,150,True
2025-07-20 18:16:28,28.0,60.0,True,22,50,Broken clouds,150,True
2025-07-20 18:16:33,28.0,60.0,False,22,50,Broken clouds,150,True
2025-07-20 18:16:39,28.0,60.0,False,22,50,Broken clouds,150,True
2025-07-20 18:16:44,28.0,60.0,False,22,50,Broken clouds,150,True
2025-07-20 18:16:49,28.0,60.0,False,22,50,Broken clouds,150,True
2025-07-20 18:16:54,28.0,60.0,False,22,50,Broken clouds,150,True
2025-07-20 18:16:59,28.0,60.0,False,22,50,Broken clouds,150,True
2025-07-20 18:17:05,28.0,60.0,False,22,50,Broken clouds,150,True
2025-07-20 18:17:10,28.0,60.0,False,22,50,Broken clouds,150,True
2025-07-20 18:17:16,28.0,60.0,False,22,50,Broken clouds,150,True
2025-07-20 18:17:22,28.0,60.0,False,22,50,Broken clouds,150,True
2025-07-20 18:17:26,28.0,60.0,False,22,50,Broken clouds,150,True
2025-07-20 18:17:31,28.0,60.0,False,22,50,Broken clouds,150,True
2025-07-20 18:17:37,28.0,60.0,False,22,50,Broken clouds,150,True
2025-07-20 18:17:42,28.0,60.0,False,22,50,Broken clouds,150,True
2025-07-20 18:17:48,28.0,60.0,False,22,50,Broken clouds,150,True
2025-07-20 18:17:53,28.0,60.0,False,22,50,Broken clouds,150,True
2025-07-20 18:17:58,28.0,60.0,False,22,50,Broken clouds,150,True
2025-07-20 18:18:04,28.0,60.0,False,22,50,Broken clouds,150,True
2025-07-20 18:18:09,28.0,60.0,False,22,50,Broken clouds,150,True
2025-07-20 18:18:14,28.0,60.0,False,22,50,Broken clouds,150,True
2025-07-20 18:18:19,28.0,60.0,False,22,50,Broken clouds,150,True
2025-07-20 18:18:25,28.0,60.0,False,22,50,Broken clouds,150,True
2025-07-20 18:18:30,28.0,60.0,False,22,50,Broken clouds,150,True
2025-07-20 18:18:36,28.0,60.0,False,22,50,Broken clouds,150,True
2025-07-20 18:18:41,28.0,60.0,True,22,50,Broken clouds,150,True
2025-07-20 18:18:46,28.0,60.0,False,22,50,Broken clouds,150,True
2025-07-20 18:18:52,28.0,60.0,False,22,50,Broken clouds,150,True
2025-07-20 18:18:57,28.0,60.0,False,22,50,Broken clouds,150,True
2025-07-20 18:19:02,28.0,60.0,False,22,50,Broken clouds,150,True
2025-07-20 18:19:07,28.0,60.0,False,22,50,Broken clouds,150,True
2025-07-20 18:19:13,28.0,60.0,False,22,50,Broken clouds,150,True
2025-07-20 18:19:18,28.0,60.0,False,22,50,Broken clouds,150,True
2025-07-20 18:19:23,28.0,60.0,False,22,50,Broken clouds,150,True
2025-07-20 18:19:29,28.0,60.0,False,22,50,Broken clouds,150,True
2025-07-20 18:19:34,28.0,60.0,False,22,50,Broken clouds,150,True
2025-07-20 18:19:39,28.0,60.0,False,22,50,Broken clouds,150,True
2025-07-20 18:19:45,28.0,60.0,False,22,50,Broken clouds,150,True
2025-07-20 18:19:50,28.0,60.0,False,22,50,Broken clouds,150,True
2025-07-20 18:19:56,28.0,60.0,False,22,50,Broken clouds,150,True
2025-07-20 18:20:01,28.0,60.0,False,22,50,Broken clouds,150,True
2025-07-20 18:20:06,28.0,60.0,False,22,50,Broken clouds,150,True
2025-07-20 18:20:12,28.0,60.0,False,22,50,Broken clouds,150,True
2025-07-20 18:20:17,28.0,60.0,True,22,50,Broken clouds,150,True
2025-07-20 18:20:22,28.0,60.0,False,22,50,Broken clouds,150,True
2025-07-20 18:20:27,28.0,60.0,False,22,50,Broken clouds,150,True
2025-07-20 18:20:33,28.0,60.0,False,22,50,Broken clouds,150,True
2025-07-20 18:20:38,28.0,60.0,False,22,50,Broken clouds,150,True
2025-07-20 18:20:43,28.0,60.0,False,22,50,Broken clouds,150,True
2025-07-20 18:20:49,28.0,60.0,False,22,50,Broken clouds,150,True
2025-07-20 18:20:54,28.0,60.0,False,22,50,Broken clouds,150,True
2025-07-20 18:20:59,28.0,60.0,False,22,50,Broken clouds,150,True
2025-07-20 18:30:03,28.0,60.0,False,22,50,Broken clouds,150,True
2025-07-20 18:30:09,28.0,57.0,False,22,50,Broken clouds,150,True
2025-07-20 18:30:14,28.0,57.0,False,22,50,Broken clouds,150,True
2025-07-20 18:30:52,28.0,56.0,False,22,50,Broken clouds,150,True
2025-07-20 18:30:57,28.0,56.0,False,22,50,Broken clouds,150,True
2025-07-20 18:31:02,28.0,56.0,False,22,50,Broken clouds,150,True
2025-07-20 18:31:08,28.0,56.0,False,22,50,Broken clouds,150,True
2025-07-20 18:31:13,28.0,56.0,False,22,50,Broken clouds,150,True
2025-07-20 18:31:18,28.0,56.0,False,22,50,Broken clouds,150,True
2025-07-20 18:43:13,28.0,56.0,True,22,50,Broken clouds,150,True
2025-07-20 18:43:18,28.0,56.0,False,22,50,Broken clouds,150,True
2025-07-20 18:43:23,28.0,56.0,False,22,50,Broken clouds,150,True
2025-07-20 18:43:28,28.0,56.0,False,22,50,Broken clouds,150,True
2025-07-20 18:43:33,28.0,56.0,False,22,50,Broken clouds,150,True
2025-07-20 18:43:39,28.0,56.0,False,22,50,Broken clouds,150,True
2025-07-20 18:43:45,28.0,56.0,False,22,50,Broken clouds,150,True
2025-07-20 18:43:49,28.0,56.0,False,22,50,Broken clouds,150,True
2025-07-20 18:43:55,28.0,56.0,False,22,50,Broken clouds,150,True
2025-07-20 18:44:05,28.0,56.0,False,22,50,Broken clouds,150,True
2025-07-20 18:44:11,28.0,56.0,False,22,50,Broken clouds,150,True
2025-07-20 18:44:16,28.0,56.0,False,22,50,Broken clouds,150,True
2025-07-20 18:44:22,28.0,56.0,False,22,50,Broken clouds,150,True
2025-07-20 18:44:27,28.0,56.0,False,22,50,Broken clouds,150,True
2025-07-20 18:44:32,28.0,56.0,False,22,50,Broken clouds,150,True
2025-07-20 18:44:38,28.0,56.0,False,22,50,Broken clouds,150,True
2025-07-20 18:44:43,28.0,56.0,False,22,50,Broken clouds,150,True
2025-07-20 18:44:48,28.0,56.0,False,22,50,Broken clouds,150,True
2025-07-20 18:44:54,28.0,56.0,False,22,50,Broken clouds,150,True
2025-07-20 18:44:59,28.0,56.0,False,22,50,Broken clouds,150,True
2025-07-20 18:45:05,28.0,56.0,False,22,50,Broken clouds,150,True
2025-07-20 18:45:10,28.0,56.0,False,22,50,Broken clouds,150,True
2025-07-20 18:45:15,28.0,56.0,False,22,50,Broken clouds,150,True
2025-07-20 18:45:20,28.0,56.0,True,22,50,Broken clouds,150,True
2025-07-20 18:45:26,28.0,56.0,False,22,50,Broken clouds,150,True
2025-07-20 18:45:31,28.0,56.0,False,22,50,Broken clouds,150,True
2025-07-20 18:45:36,28.0,56.0,False,22,50,Broken clouds,150,True
2025-07-20 18:45:41,28.0,56.0,False,22,50,Broken clouds,150,True
2025-07-20 18:45:48,28.0,56.0,False,22,50,Broken clouds,150,True
2025-07-20 18:45:52,28.0,56.0,False,22,50,Broken clouds,150,True
2025-07-20 18:45:57,28.0,57.0,False,22,50,Broken clouds,150,True
2025-07-20 18:46:03,28.0,57.0,False,22,50,Broken clouds,150,True
2025-07-20 18:46:08,28.0,57.0,False,22,50,Broken clouds,150,True
2025-07-20 18:46:14,28.0,57.0,True,22,50,Broken clouds,150,True
2025-07-20 18:46:19,28.0,57.0,False,22,50,Broken clouds,150,True
2025-07-20 18:46:24,28.0,57.0,False,22,50,Broken clouds,150,True
2025-07-20 18:46:30,28.0,56.0,False,22,50,Broken clouds,150,True
2025-07-20 18:46:35,28.0,56.0,False,22,50,Broken clouds,150,True
2025-07-20 18:46:40,28.0,56.0,False,22,50,Broken clouds,150,True
2025-07-20 18:46:45,28.0,56.0,False,22,50,Broken clouds,150,True
2025-07-20 18:46:51,28.0,57.0,True,22,50,Broken clouds,150,True
2025-07-20 18:46:56,28.0,57.0,True,22,50,Broken clouds,150,True
2025-07-20 18:47:02,28.0,57.0,True,22,50,Broken clouds,150,True
2025-07-20 18:47:07,28.0,57.0,False,22,50,Broken clouds,150,True
2025-07-20 18:47:12,28.0,57.0,True,22,50,Broken clouds,150,True
2025-07-20 18:53:46,28.0,58.0,False,22,50,Broken clouds,150,True
2025-07-20 18:53:52,28.0,58.0,False,22,50,Broken clouds,150,True
2025-07-20 18:53:57,28.0,58.0,False,22,50,Broken clouds,150,True
2025-07-20 18:54:02,27.0,57.0,False,22,50,Broken clouds,150,True
2025-07-20 18:54:08,27.0,57.0,False,22,50,Broken clouds,150,True
2025-07-20 18:54:13,28.0,58.0,True,22,50,Broken clouds,150,True
2025-07-20 18:54:18,28.0,58.0,True,22,50,Broken clouds,150,True
2025-07-20 18:54:24,27.0,57.0,False,22,50,Broken clouds,150,True
2025-07-20 18:54:51,28.0,57.0,False,22,50,Broken clouds,150,True
2025-07-20 18:54:56,28.0,57.0,True,22,50,Broken clouds,150,True
2025-07-20 18:55:01,28.0,57.0,False,22,50,Broken clouds,150,True
2025-07-20 18:55:06,28.0,57.0,False,22,50,Broken clouds,150,True
2025-07-20 18:55:12,28.0,57.0,False,22,50,Broken clouds,150,True
2025-07-20 18:55:17,28.0,57.0,False,22,50,Broken clouds,150,True
2025-07-20 18:55:22,28.0,57.0,False,22,50,Broken clouds,150,True
2025-07-20 18:55:28,28.0,57.0,True,22,50,Broken clouds,150,True
2025-07-20 18:55:33,28.0,57.0,False,22,50,Broken clouds,150,True
2025-07-20 18:55:39,28.0,57.0,False,22,50,Broken clouds,150,True
2025-07-20 18:55:44,28.0,57.0,False,22,50,Broken clouds,150,True
2025-07-20 18:55:50,28.0,57.0,False,22,50,Broken clouds,150,True
2025-07-20 18:55:55,28.0,57.0,False,22,50,Broken clouds,150,True
2025-07-20 18:56:00,28.0,57.0,True,22,50,Broken clouds,150,True
2025-07-20 18:56:05,28.0,57.0,False,22,50,Broken clouds,150,True
2025-07-20 18:56:11,28.0,57.0,False,22,50,Broken clouds,150,True
2025-07-20 18:56:16,28.0,57.0,False,22,50,Broken clouds,150,True
2025-07-20 18:56:21,28.0,57.0,False,22,50,Broken clouds,150,True
2025-07-20 18:56:26,28.0,57.0,False,22,50,Broken clouds,150,True
2025-07-20 18:56:32,28.0,57.0,False,22,50,Broken clouds,150,True
2025-07-20 18:56:38,28.0,57.0,False,22,50,Broken clouds,150,True
2025-07-20 18:56:43,28.0,57.0,False,22,50,Broken clouds,150,True
2025-07-20 18:56:48,28.0,58.0,False,22,50,Broken clouds,150,True
2025-07-20 18:56:53,28.0,58.0,False,22,50,Broken clouds,150,True
2025-07-20 18:56:58,28.0,57.0,False,22,50,Broken clouds,150,True
2025-07-20 18:57:04,28.0,57.0,False,22,50,Broken clouds,150,True
2025-07-20 18:57:09,28.0,58.0,False,22,50,Broken clouds,150,True
2025-07-20 18:57:14,28.0,58.0,False,22,50,Broken clouds,150,True
2025-07-20 18:57:20,28.0,57.0,False,22,50,Broken clouds,150,True
2025-07-20 18:57:25,27.0,56.0,False,22,50,Broken clouds,150,True
2025-07-20 18:57:31,28.0,58.0,False,22,50,Broken clouds,150,True
2025-07-20 18:57:36,28.0,58.0,False,22,50,Broken clouds,150,True
2025-07-20 18:57:41,28.0,58.0,False,22,50,Broken clouds,150,True
2025-07-20 18:57:46,28.0,57.0,False,22,50,Broken clouds,150,True
2025-07-20 18:57:52,28.0,57.0,False,22,50,Broken clouds,150,True
2025-07-20 18:57:58,27.0,56.0,False,22,50,Broken clouds,150,True
2025-07-20 18:58:03,28.0,57.0,False,22,50,Broken clouds,150,True
2025-07-20 18:58:08,28.0,57.0,False,22,50,Broken clouds,150,True
2025-07-20 18:58:13,27.0,56.0,False,22,50,Broken clouds,150,True
2025-07-20 18:58:19,28.0,57.0,False,22,50,Broken clouds,150,True
2025-07-20 18:58:24,28.0,57.0,False,22,50,Broken clouds,150,True
2025-07-20 18:58:29,28.0,58.0,False,22,50,Broken clouds,150,True
2025-07-20 18:58:35,28.0,58.0,True,22,50,Broken clouds,150,True
2025-07-20 18:58:40,28.0,58.0,False,22,50,Broken clouds,150,True
2025-07-20 18:58:45,28.0,58.0,False,22,50,Broken clouds,150,True
2025-07-20 18:58:50,28.0,57.0,False,22,50,Broken clouds,150,True
2025-07-20 18:58:56,27.0,56.0,False,22,50,Broken clouds,150,True
2025-07-20 18:59:01,28.0,58.0,False,22,50,Broken clouds,150,True
2025-07-20 18:59:06,28.0,57.0,False,22,50,Broken clouds,150,True
2025-07-20 18:59:12,28.0,57.0,False,22,50,Broken clouds,150,True
2025-07-20 18:59:17,28.0,57.0,False,22,50,Broken clouds,150,True
2025-07-20 18:59:23,28.0,57.0,False,22,50,Broken clouds,150,True
2025-07-20 18:59:28,28.0,57.0,False,22,50,Broken clouds,150,True
2025-07-20 18:59:33,28.0,57.0,True,22,50,Broken clouds,150,True
2025-07-20 18:59:39,27.0,56.0,False,22,50,Broken clouds,150,True
2025-07-20 18:59:44,28.0,57.0,False,22,50,Broken clouds,150,True
2025-07-20 18:59:49,28.0,57.0,False,22,50,Broken clouds,150,True
2025-07-20 18:59:54,28.0,57.0,False,22,50,Broken clouds,150,True
2025-07-20 19:00:00,28.0,57.0,False,22,50,Broken clouds,150,True
2025-07-20 19:00:05,28.0,57.0,False,22,50,Broken clouds,150,True
2025-07-20 19:00:10,28.0,57.0,False,22,50,Broken clouds,150,True
2025-07-20 19:00:16,28.0,57.0,False,22,50,Broken clouds,150,True
2025-07-20 19:00:21,28.0,57.0,False,22,50,Broken clouds,150,True
2025-07-20 19:00:26,28.0,57.0,False,22,50,Broken clouds,150,True
2025-07-20 19:00:31,28.0,57.0,False,22,50,Broken clouds,150,True
2025-07-20 19:00:37,28.0,57.0,False,22,50,Broken clouds,150,True
2025-07-20 19:00:42,28.0,57.0,False,22,50,Broken clouds,150,True
2025-07-20 19:00:48,28.0,57.0,False,22,50,Broken clouds,150,True
2025-07-20 19:00:53,28.0,57.0,False,22,50,Broken clouds,150,True
2025-07-20 19:00:58,28.0,57.0,False,22,50,Broken clouds,150,True
2025-07-20 19:01:03,28.0,57.0,False,22,50,Broken clouds,150,True
2025-07-20 19:01:09,28.0,57.0,False,22,50,Broken clouds,150,True
2025-07-20 19:01:14,27.0,56.0,False,22,50,Broken clouds,150,True
2025-07-20 19:01:20,28.0,57.0,False,22,50,Broken clouds,150,True
2025-07-20 19:01:25,28.0,57.0,False,22,50,Broken clouds,150,True
2025-07-20 19:01:31,28.0,57.0,False,22,50,Broken clouds,150,True
2025-07-20 19:01:36,28.0,57.0,False,22,50,Broken clouds,150,True
2025-07-20 19:01:41,28.0,57.0,False,22,50,Broken clouds,150,True
2025-07-20 19:01:46,28.0,57.0,False,22,50,Broken clouds,150,True
2025-07-20 19:01:51,28.0,57.0,False,22,50,Broken clouds,150,True
2025-07-20 19:02:02,28.0,57.0,False,22,50,Broken clouds,150,True
2025-07-20 19:02:08,28.0,57.0,False,22,50,Broken clouds,150,True
2025-07-20 19:02:13,28.0,57.0,False,22,50,Broken clouds,150,True
2025-07-20 19:02:18,28.0,57.0,False,22,50,Broken clouds,150,True
2025-07-20 19:02:23,28.0,57.0,False,22,50,Broken clouds,150,True
2025-07-20 19:02:29,28.0,57.0,False,22,50,Broken clouds,150,True
2025-07-20 19:02:34,27.0,56.0,True,22,50,Broken clouds,150,True
2025-07-20 19:02:39,28.0,57.0,False,22,50,Broken clouds,150,True
2025-07-20 19:02:45,28.0,57.0,False,22,50,Broken clouds,150,True
2025-07-20 19:02:50,28.0,57.0,False,22,50,Broken clouds,150,True
2025-07-20 19:02:55,28.0,57.0,False,22,50,Broken clouds,150,True
2025-07-20 19:03:01,28.0,57.0,False,22,50,Broken clouds,150,True
2025-07-20 19:03:06,28.0,57.0,False,22,50,Broken clouds,150,True
2025-07-20 19:03:11,28.0,57.0,False,22,50,Broken clouds,150,True
2025-07-20 19:03:17,27.0,56.0,False,22,50,Broken clouds,150,True
2025-07-20 19:03:23,27.0,56.0,False,22,50,Broken clouds,150,True
2025-07-20 19:03:27,28.0,57.0,False,22,50,Broken clouds,150,True
2025-07-20 19:03:33,27.0,55.0,True,22,50,Broken clouds,150,True
2025-07-20 19:03:38,28.0,56.0,False,22,50,Broken clouds,150,True
2025-07-20 19:03:44,27.0,56.0,False,22,50,Broken clouds,150,True
2025-07-20 19:03:49,28.0,57.0,False,22,50,Broken clouds,150,True
2025-07-20 19:03:54,28.0,57.0,False,22,50,Broken clouds,150,True
2025-07-20 19:03:59,28.0,57.0,False,22,50,Broken clouds,150,True
2025-07-20 19:04:05,27.0,56.0,False,22,50,Broken clouds,150,True
2025-07-20 19:04:10,28.0,57.0,False,22,50,Broken clouds,150,True
2025-07-20 19:04:16,28.0,57.0,False,22,50,Broken clouds,150,True
2025-07-20 19:04:21,27.0,55.0,False,22,50,Broken clouds,150,True
2025-07-20 19:04:26,28.0,57.0,False,22,50,Broken clouds,150,True
2025-07-20 19:04:31,28.0,56.0,False,22,50,Broken clouds,150,True
2025-07-20 19:04:37,27.0,55.0,False,22,50,Broken clouds,150,True
2025-07-20 19:04:42,28.0,57.0,False,22,50,Broken clouds,150,True
2025-07-20 19:04:47,28.0,57.0,False,22,50,Broken clouds,150,True
2025-07-20 19:04:53,28.0,57.0,False,22,50,Broken clouds,150,True
2025-07-20 19:04:58,28.0,57.0,False,22,50,Broken clouds,150,True
2025-07-20 19:05:03,28.0,57.0,True,22,50,Broken clouds,150,True
2025-07-20 19:05:09,27.0,56.0,True,22,50,Broken clouds,150,True
2025-07-20 19:05:14,28.0,57.0,True,22,50,Broken clouds,150,True
2025-07-20 19:05:19,28.0,57.0,False,22,50,Broken clouds,150,True
2025-07-20 19:05:25,28.0,57.0,True,22,50,Broken clouds,150,True
2025-07-20 19:05:30,27.0,56.0,False,22,50,Broken clouds,150,True
2025-07-20 19:05:35,27.0,56.0,False,22,50,Broken clouds,150,True
2025-07-20 19:05:41,27.0,56.0,False,22,50,Broken clouds,150,True
2025-07-20 19:05:46,27.0,56.0,False,22,50,Broken clouds,150,True
2025-07-20 19:20:50,28.0,57.0,False,22,50,Broken clouds,150,True
2025-07-20 19:20:55,28.0,57.0,False,22,50,Broken clouds,150,True
2025-07-20 19:21:01,28.0,57.0,False,22,50,Broken clouds,150,True
2025-07-20 19:21:06,28.0,57.0,True,22,50,Broken clouds,150,True
2025-07-20 19:21:11,28.0,56.0,False,22,50,Broken clouds,150,True
2025-07-20 19:22:31,28.0,56.0,False,22,50,Broken clouds,145,True
2025-07-20 19:22:37,28.0,56.0,False,22,50,Broken clouds,145,True
2025-07-20 19:22:42,28.0,56.0,True,22,50,Broken clouds,145,True
2025-07-20 19:22:47,28.0,56.0,False,22,50,Broken clouds,145,True
2025-07-20 19:22:52,28.0,56.0,False,22,50,Broken clouds,145,True
2025-07-20 19:22:58,28.0,56.0,False,22,50,Broken clouds,145,True
2025-07-20 19:23:03,28.0,56.0,False,22,50,Broken clouds,145,True
2025-07-20 19:23:29,28.0,56.0,False,22,50,Broken clouds,145,True
2025-07-20 19:23:35,28.0,55.0,False,22,50,Broken clouds,145,True
2025-07-20 19:23:40,28.0,56.0,False,22,50,Broken clouds,145,True
2025-07-20 19:23:46,28.0,56.0,True,22,50,Broken clouds,145,True
2025-07-20 19:23:51,28.0,56.0,False,22,50,Broken clouds,145,True
2025-07-20 19:23:56,28.0,56.0,False,22,50,Broken clouds,145,True
2025-07-20 19:24:01,28.0,56.0,False,22,50,Broken clouds,145,True
2025-07-20 19:24:07,28.0,56.0,False,22,50,Broken clouds,145,True
2025-07-20 19:24:12,28.0,55.0,False,22,50,Broken clouds,145,True
2025-07-20 19:24:17,28.0,56.0,False,22,50,Broken clouds,145,True
2025-07-20 19:24:23,28.0,56.0,False,22,50,Broken clouds,145,True
2025-07-20 19:24:28,28.0,56.0,False,22,50,Broken clouds,145,True
2025-07-20 19:24:34,28.0,56.0,True,22,50,Broken clouds,145,True
2025-07-20 19:24:39,28.0,56.0,True,22,50,Broken clouds,145,True
2025-07-20 19:24:44,28.0,56.0,False,22,50,Broken clouds,145,True
2025-07-20 19:24:50,28.0,56.0,False,22,50,Broken clouds,145,True
2025-07-20 19:24:55,28.0,56.0,False,22,50,Broken clouds,145,True
2025-07-20 19:25:00,28.0,56.0,False,22,50,Broken clouds,145,True
2025-07-20 19:28:28,28.0,56.0,False,22,50,Broken clouds,145,True
2025-07-20 19:28:34,28.0,56.0,True,22,50,Broken clouds,145,True
2025-07-20 19:28:39,28.0,56.0,False,22,50,Broken clouds,145,True
2025-07-20 19:28:44,28.0,56.0,True,22,50,Broken clouds,145,True
2025-07-20 19:28:49,28.0,56.0,True,22,50,Broken clouds,145,True
2025-07-20 19:28:55,28.0,56.0,False,22,50,Broken clouds,145,True
2025-07-20 19:29:00,28.0,56.0,False,22,50,Broken clouds,145,True
2025-07-20 19:29:05,28.0,56.0,False,22,50,Broken clouds,145,True
2025-07-20 19:29:11,28.0,56.0,False,22,50,Broken clouds,145,True
2025-07-20 19:29:16,28.0,56.0,False,22,50,Broken clouds,145,True
2025-07-20 19:29:21,28.0,57.0,False,22,50,Broken clouds,145,True
2025-07-20 19:29:27,28.0,57.0,False,22,50,Broken clouds,145,True
2025-07-20 19:29:32,28.0,57.0,False,22,50,Broken clouds,145,True
2025-07-20 19:29:38,28.0,57.0,False,22,50,Broken clouds,145,True
2025-07-20 19:29:43,28.0,57.0,False,22,50,Broken clouds,145,True
2025-07-20 19:29:48,28.0,57.0,False,22,50,Broken clouds,145,True
2025-07-20 19:29:53,28.0,57.0,False,22,50,Broken clouds,145,True
2025-07-20 19:29:59,28.0,56.0,False,22,50,Broken clouds,145,True
2025-07-20 19:30:04,28.0,56.0,False,22,50,Broken clouds,145,True
2025-07-20 19:30:10,28.0,56.0,False,22,50,Broken clouds,145,True
2025-07-20 19:30:14,28.0,56.0,False,22,50,Broken clouds,145,True
2025-07-20 19:30:20,28.0,56.0,False,22,50,Broken clouds,145,True
2025-07-20 19:30:25,28.0,56.0,False,22,50,Broken clouds,145,True
2025-07-20 19:30:31,28.0,56.0,False,22,50,Broken clouds,145,True
2025-07-20 19:30:36,28.0,56.0,False,22,50,Broken clouds,145,True
2025-07-20 19:30:42,28.0,56.0,False,22,50,Broken clouds,145,True
